{"cameraMode":{"drawMode":0,"name":"Shaded","section":"Shading Mode"},"sceneLighting":true,"audioPlay":false,"sceneViewState":{"m_AlwaysRefresh":false,"showFog":true,"showSkybox":false,"showFlares":true,"showImageEffects":true,"showParticleSystems":true,"showVisualEffectGraphs":true,"m_FxEnabled":true},"in2DMode":false,"pivot":{"x":-12.342995643615723,"y":5.074981212615967,"z":-6.224727630615234},"rotation":{"x":0.032172784209251407,"y":0.5670790076255798,"z":0.029352543875575067,"w":-0.8218287229537964},"size":7.274612903594971,"orthographic":false}