{"cameraMode":{"drawMode":0,"name":"Shaded","section":"Shading Mode"},"sceneLighting":false,"audioPlay":false,"sceneViewState":{"m_AlwaysRefresh":false,"showFog":true,"showSkybox":false,"showFlares":true,"showImageEffects":true,"showParticleSystems":true,"showVisualEffectGraphs":true,"m_FxEnabled":true},"in2DMode":false,"pivot":{"x":0.007015455048531294,"y":0.5235748291015625,"z":1.1140488386154175},"rotation":{"x":-0.01053539663553238,"y":0.9924571514129639,"z":-0.07755532115697861,"w":-0.08828787505626679},"size":1.0153690576553345,"orthographic":false}