{"cameraMode":{"drawMode":0,"name":"Shaded","section":"Shading Mode"},"sceneLighting":false,"audioPlay":false,"sceneViewState":{"m_AlwaysRefresh":false,"showFog":true,"showSkybox":true,"showFlares":true,"showImageEffects":true,"showParticleSystems":true,"showVisualEffectGraphs":true,"m_FxEnabled":true},"in2DMode":false,"pivot":{"x":-11.333611488342286,"y":19.902620315551759,"z":-29.931987762451173},"rotation":{"x":0.0021268283016979696,"y":-0.7081366181373596,"z":-0.002118143020197749,"w":-0.7060496807098389},"size":4.509342670440674,"orthographic":false}