{"cameraMode":{"drawMode":0,"name":"Shaded","section":"Shading Mode"},"sceneLighting":false,"audioPlay":false,"sceneViewState":{"m_AlwaysRefresh":false,"showFog":true,"showSkybox":false,"showFlares":true,"showImageEffects":true,"showParticleSystems":true,"showVisualEffectGraphs":true,"m_FxEnabled":true},"in2DMode":false,"pivot":{"x":45.93788146972656,"y":1.4891210794448853,"z":-5.668575286865234},"rotation":{"x":-0.028746573254466058,"y":0.9799883365631104,"z":-0.16036345064640046,"w":-0.09846141934394837},"size":1.2848191261291505,"orthographic":false}