{"cameraMode":{"drawMode":0,"name":"Shaded","section":"Shading Mode"},"sceneLighting":false,"audioPlay":false,"sceneViewState":{"m_AlwaysRefresh":false,"showFog":true,"showSkybox":false,"showFlares":true,"showImageEffects":true,"showParticleSystems":true,"showVisualEffectGraphs":true,"m_FxEnabled":true},"in2DMode":false,"pivot":{"x":162.31483459472657,"y":4.006239414215088,"z":134.26194763183595},"rotation":{"x":0.02194085158407688,"y":-0.9455546736717224,"z":-0.005252396687865257,"w":-0.3195185363292694},"size":7.872973442077637,"orthographic":false}